city_id,city_x,city_y,text_region_filename,distance_from_city,transcribed_text,confidence,notes
0,11177,2275,city0000_region0,21.0,,,
0,11177,2275,city0000_region1,29.2,,,
0,11177,2275,city0000_region2,41.8,,,
1,10297,4734,city0001_region0,15.0,,,
1,10297,4734,city0001_region1,31.1,,,
1,10297,4734,city0001_region2,74.7,,,
2,5680,3687,city0002_region0,15.1,,,
2,5680,3687,city0002_region1,43.4,,,
2,5680,3687,city0002_region2,73.9,,,
3,7406,4794,city0003_region0,1.0,,,
3,7406,4794,city0003_region1,28.6,,,
3,7406,4794,city0003_region2,67.2,,,
4,7272,3978,city0004_region0,12.7,,,
4,7272,3978,city0004_region1,31.8,,,
4,7272,3978,city0004_region2,67.5,,,
5,9850,980,city0005_region0,9.5,,,
5,9850,980,city0005_region1,38.0,,,
5,9850,980,city0005_region2,50.7,,,
6,6204,3881,city0006_region0,7.8,,,
6,6204,3881,city0006_region1,58.7,,,
6,6204,3881,city0006_region2,66.2,,,
7,5975,3798,city0007_region0,18.4,,,
7,5975,3798,city0007_region1,70.0,,,
7,5975,3798,city0007_region2,74.7,,,
8,10200,2092,city0008_region0,18.8,,,
8,10200,2092,city0008_region1,27.3,,,
8,10200,2092,city0008_region2,84.9,,,
9,5703,3944,city0009_region0,14.3,,,
9,5703,3944,city0009_region1,18.4,,,
9,5703,3944,city0009_region2,61.3,,,
10,6028,4880,city0010_region0,9.0,,,
10,6028,4880,city0010_region1,13.9,,,
10,6028,4880,city0010_region2,79.8,,,
11,9768,757,city0011_region0,21.8,,,
11,9768,757,city0011_region1,21.9,,,
11,9768,757,city0011_region2,55.2,,,
12,7984,4468,city0012_region0,5.0,,,
12,7984,4468,city0012_region1,51.0,,,
12,7984,4468,city0012_region2,61.8,,,
13,11234,1836,city0013_region0,9.2,,,
13,11234,1836,city0013_region1,70.0,,,
13,11234,1836,city0013_region2,82.2,,,
14,1553,943,city0014_region0,4.1,,,
14,1553,943,city0014_region1,24.2,,,
14,1553,943,city0014_region2,60.2,,,
15,9024,5144,city0015_region0,12.7,,,
15,9024,5144,city0015_region1,48.2,,,
15,9024,5144,city0015_region2,49.2,,,
16,7747,4199,city0016_region0,21.2,,,
16,7747,4199,city0016_region1,41.0,,,
16,7747,4199,city0016_region2,43.3,,,
17,9794,4689,city0017_region0,9.4,,,
17,9794,4689,city0017_region1,80.7,,,
17,9794,4689,city0017_region2,87.3,,,
18,11705,2333,city0018_region0,18.4,,,
18,11705,2333,city0018_region1,31.1,,,
18,11705,2333,city0018_region2,70.8,,,
19,7915,4840,city0019_region0,13.5,,,
19,7915,4840,city0019_region1,21.8,,,
19,7915,4840,city0019_region2,86.8,,,
20,11352,5281,city0020_region0,16.6,,,
20,11352,5281,city0020_region1,59.5,,,
20,11352,5281,city0020_region2,85.1,,,
21,9817,1669,city0021_region0,38.8,,,
21,9817,1669,city0021_region1,76.8,,,
21,9817,1669,city0021_region2,83.7,,,
22,5903,3851,city0022_region0,14.3,,,
22,5903,3851,city0022_region1,40.0,,,
22,5903,3851,city0022_region2,57.8,,,
23,7632,3826,city0023_region0,7.1,,,
23,7632,3826,city0023_region1,84.2,,,
23,7632,3826,city0023_region2,86.8,,,
24,5618,4052,city0024_region0,9.2,,,
24,5618,4052,city0024_region1,31.0,,,
24,5618,4052,city0024_region2,45.2,,,
25,11861,5588,city0025_region0,9.5,,,
25,11861,5588,city0025_region1,70.2,,,
25,11861,5588,city0025_region2,88.6,,,
26,10413,2534,city0026_region0,10.4,,,
26,10413,2534,city0026_region1,63.6,,,
26,10413,2534,city0026_region2,74.6,,,
27,7896,4510,city0027_region0,8.5,,,
27,7896,4510,city0027_region1,11.4,,,
27,7896,4510,city0027_region2,42.0,,,
28,5962,3916,city0028_region0,5.0,,,
28,5962,3916,city0028_region1,8.1,,,
28,5962,3916,city0028_region2,45.8,,,
29,7051,3953,city0029_region0,14.1,,,
29,7051,3953,city0029_region1,61.1,,,
29,7051,3953,city0029_region2,72.2,,,
30,10029,4701,city0030_region0,21.0,,,
30,10029,4701,city0030_region1,107.0,,,
30,10029,4701,city0030_region2,107.0,,,
31,8974,4581,city0031_region0,15.3,,,
31,8974,4581,city0031_region1,65.6,,,
31,8974,4581,city0031_region2,88.8,,,
32,9453,874,city0032_region0,17.0,,,
33,5673,5182,city0033_region0,17.2,,,
33,5673,5182,city0033_region1,30.6,,,
33,5673,5182,city0033_region2,117.5,,,
34,10961,5420,city0034_region0,30.4,,,
34,10961,5420,city0034_region1,79.9,,,
34,10961,5420,city0034_region2,91.2,,,
35,12104,2383,city0035_region0,15.3,,,
35,12104,2383,city0035_region1,42.5,,,
35,12104,2383,city0035_region2,74.7,,,
36,7139,4780,city0036_region0,9.5,,,
36,7139,4780,city0036_region1,58.0,,,
36,7139,4780,city0036_region2,70.7,,,
37,11158,3954,city0037_region0,6.0,,,
37,11158,3954,city0037_region1,9.2,,,
37,11158,3954,city0037_region2,87.2,,,
38,5279,3306,city0038_region0,13.4,,,
38,5279,3306,city0038_region1,19.6,,,
38,5279,3306,city0038_region2,66.7,,,
39,6336,3875,city0039_region0,0.0,,,
39,6336,3875,city0039_region1,14.9,,,
39,6336,3875,city0039_region2,85.5,,,
40,10546,1571,city0040_region0,6.4,,,
40,10546,1571,city0040_region1,28.2,,,
40,10546,1571,city0040_region2,34.2,,,
41,6632,4870,city0041_region0,16.6,,,
41,6632,4870,city0041_region1,65.9,,,
41,6632,4870,city0041_region2,66.0,,,
42,7179,4386,city0042_region0,7.1,,,
42,7179,4386,city0042_region1,11.3,,,
42,7179,4386,city0042_region2,85.9,,,
43,5542,3694,city0043_region0,14.9,,,
43,5542,3694,city0043_region1,24.0,,,
43,5542,3694,city0043_region2,48.5,,,
44,10128,2040,city0044_region0,1.4,,,
44,10128,2040,city0044_region1,23.4,,,
44,10128,2040,city0044_region2,37.8,,,
45,6942,3723,city0045_region0,10.0,,,
45,6942,3723,city0045_region1,47.4,,,
45,6942,3723,city0045_region2,51.4,,,
46,10009,3860,city0046_region0,6.0,,,
46,10009,3860,city0046_region1,41.6,,,
46,10009,3860,city0046_region2,43.2,,,
47,11167,4216,city0047_region0,13.5,,,
47,11167,4216,city0047_region1,23.3,,,
47,11167,4216,city0047_region2,33.9,,,
48,7965,5023,city0048_region0,1.0,,,
48,7965,5023,city0048_region1,8.2,,,
48,7965,5023,city0048_region2,105.1,,,
49,10207,3382,city0049_region0,18.4,,,
49,10207,3382,city0049_region1,37.0,,,
49,10207,3382,city0049_region2,55.3,,,
50,11060,2349,city0050_region0,11.2,,,
50,11060,2349,city0050_region1,37.5,,,
50,11060,2349,city0050_region2,56.5,,,
51,5515,3363,city0051_region0,17.5,,,
51,5515,3363,city0051_region1,27.2,,,
51,5515,3363,city0051_region2,41.0,,,
52,11072,4100,city0052_region0,13.6,,,
52,11072,4100,city0052_region1,45.1,,,
52,11072,4100,city0052_region2,72.5,,,
53,8049,4429,city0053_region0,6.4,,,
53,8049,4429,city0053_region1,43.5,,,
53,8049,4429,city0053_region2,70.3,,,
54,11251,2243,city0054_region0,8.5,,,
54,11251,2243,city0054_region1,73.2,,,
54,11251,2243,city0054_region2,85.9,,,
55,11270,3962,city0055_region0,10.3,,,
55,11270,3962,city0055_region1,21.6,,,
55,11270,3962,city0055_region2,48.3,,,
56,6116,3651,city0056_region0,0.0,,,
56,6116,3651,city0056_region1,14.2,,,
56,6116,3651,city0056_region2,57.0,,,
57,11781,3181,city0057_region0,20.6,,,
57,11781,3181,city0057_region1,53.5,,,
57,11781,3181,city0057_region2,58.0,,,
58,11258,5176,city0058_region0,15.6,,,
58,11258,5176,city0058_region1,18.0,,,
58,11258,5176,city0058_region2,46.1,,,
59,10086,2306,city0059_region0,5.1,,,
59,10086,2306,city0059_region1,35.0,,,
59,10086,2306,city0059_region2,35.8,,,
60,6648,3231,city0060_region0,28.2,,,
60,6648,3231,city0060_region1,37.6,,,
60,6648,3231,city0060_region2,46.1,,,
61,10527,4629,city0061_region0,1.0,,,
61,10527,4629,city0061_region1,19.2,,,
61,10527,4629,city0061_region2,92.1,,,
62,7935,4399,city0062_region0,15.8,,,
62,7935,4399,city0062_region1,44.3,,,
62,7935,4399,city0062_region2,66.0,,,
63,9749,3848,city0063_region0,30.1,,,
63,9749,3848,city0063_region1,63.0,,,
63,9749,3848,city0063_region2,67.6,,,
64,12581,775,city0064_region0,16.6,,,
64,12581,775,city0064_region1,94.0,,,
64,12581,775,city0064_region2,96.8,,,
65,10551,3945,city0065_region0,7.6,,,
65,10551,3945,city0065_region1,54.9,,,
65,10551,3945,city0065_region2,63.5,,,
66,7575,4869,city0066_region0,15.0,,,
66,7575,4869,city0066_region1,35.4,,,
66,7575,4869,city0066_region2,56.4,,,
67,10665,4744,city0067_region0,17.9,,,
67,10665,4744,city0067_region1,57.4,,,
67,10665,4744,city0067_region2,71.6,,,
68,10771,1568,city0068_region0,18.4,,,
68,10771,1568,city0068_region1,38.2,,,
68,10771,1568,city0068_region2,59.4,,,
69,9375,5026,city0069_region0,13.6,,,
69,9375,5026,city0069_region1,14.9,,,
69,9375,5026,city0069_region2,42.4,,,
70,10925,4410,city0070_region0,10.6,,,
70,10925,4410,city0070_region1,10.6,,,
70,10925,4410,city0070_region2,58.1,,,
71,6798,3937,city0071_region0,18.4,,,
71,6798,3937,city0071_region1,57.9,,,
71,6798,3937,city0071_region2,62.2,,,
72,1915,2125,city0072_region0,7.2,,,
72,1915,2125,city0072_region1,79.1,,,
72,1915,2125,city0072_region2,80.6,,,
73,9594,4772,city0073_region0,11.4,,,
73,9594,4772,city0073_region1,38.8,,,
73,9594,4772,city0073_region2,88.1,,,
74,10384,4705,city0074_region0,14.1,,,
74,10384,4705,city0074_region1,15.5,,,
74,10384,4705,city0074_region2,54.9,,,
75,6690,4794,city0075_region0,8.9,,,
75,6690,4794,city0075_region1,53.9,,,
75,6690,4794,city0075_region2,78.4,,,
76,11290,4090,city0076_region0,11.4,,,
76,11290,4090,city0076_region1,19.2,,,
76,11290,4090,city0076_region2,43.8,,,
77,7660,4884,city0077_region0,17.7,,,
77,7660,4884,city0077_region1,25.8,,,
77,7660,4884,city0077_region2,57.9,,,
78,11908,2399,city0078_region0,9.0,,,
78,11908,2399,city0078_region1,21.8,,,
78,11908,2399,city0078_region2,22.8,,,
79,11381,4432,city0079_region0,6.4,,,
79,11381,4432,city0079_region1,58.5,,,
79,11381,4432,city0079_region2,101.8,,,
80,9265,1851,city0080_region0,13.0,,,
80,9265,1851,city0080_region1,71.2,,,
80,9265,1851,city0080_region2,73.1,,,
81,9888,2030,city0081_region0,8.9,,,
81,9888,2030,city0081_region1,92.6,,,
81,9888,2030,city0081_region2,100.2,,,
82,11620,4371,city0082_region0,7.8,,,
82,11620,4371,city0082_region1,85.1,,,
82,11620,4371,city0082_region2,107.5,,,
83,10480,4924,city0083_region0,9.2,,,
83,10480,4924,city0083_region1,27.8,,,
83,10480,4924,city0083_region2,34.9,,,
84,7207,3781,city0084_region0,18.0,,,
84,7207,3781,city0084_region1,39.9,,,
84,7207,3781,city0084_region2,44.9,,,
85,5469,3587,city0085_region0,10.2,,,
85,5469,3587,city0085_region1,25.5,,,
85,5469,3587,city0085_region2,44.3,,,
86,7866,5277,city0086_region0,1.0,,,
86,7866,5277,city0086_region1,10.6,,,
86,7866,5277,city0086_region2,88.5,,,
87,10146,5014,city0087_region0,10.8,,,
87,10146,5014,city0087_region1,73.8,,,
87,10146,5014,city0087_region2,96.5,,,
88,9778,1549,city0088_region0,10.6,,,
88,9778,1549,city0088_region1,19.9,,,
88,9778,1549,city0088_region2,32.0,,,
89,7271,4779,city0089_region0,41.8,,,
89,7271,4779,city0089_region1,53.3,,,
89,7271,4779,city0089_region2,65.7,,,
90,10115,3843,city0090_region0,5.8,,,
90,10115,3843,city0090_region1,56.1,,,
90,10115,3843,city0090_region2,62.9,,,
91,11501,3615,city0091_region0,14.1,,,
91,11501,3615,city0091_region1,73.5,,,
91,11501,3615,city0091_region2,79.4,,,
92,3453,1864,city0092_region0,38.4,,,
92,3453,1864,city0092_region1,40.6,,,
92,3453,1864,city0092_region2,43.6,,,
93,9575,3815,city0093_region0,7.3,,,
93,9575,3815,city0093_region1,30.1,,,
93,9575,3815,city0093_region2,57.8,,,
94,6027,3866,city0094_region0,29.1,,,
94,6027,3866,city0094_region1,47.7,,,
94,6027,3866,city0094_region2,63.0,,,
95,3043,416,city0095_region0,13.6,,,
95,3043,416,city0095_region1,18.0,,,
95,3043,416,city0095_region2,35.4,,,
96,9917,5531,city0096_region0,9.1,,,
96,9917,5531,city0096_region1,19.3,,,
96,9917,5531,city0096_region2,43.2,,,
97,11592,4214,city0097_region0,2.2,,,
97,11592,4214,city0097_region1,44.8,,,
97,11592,4214,city0097_region2,134.5,,,
98,11401,4095,city0098_region0,14.4,,,
98,11401,4095,city0098_region1,17.9,,,
98,11401,4095,city0098_region2,53.5,,,
99,9325,2185,city0099_region0,18.8,,,
99,9325,2185,city0099_region1,19.8,,,
99,9325,2185,city0099_region2,51.5,,,
100,9949,3909,city0100_region0,45.4,,,
100,9949,3909,city0100_region1,70.1,,,
100,9949,3909,city0100_region2,70.4,,,
101,10127,4611,city0101_region0,10.3,,,
101,10127,4611,city0101_region1,51.6,,,
101,10127,4611,city0101_region2,98.9,,,
102,11633,2514,city0102_region0,31.3,,,
102,11633,2514,city0102_region1,42.7,,,
102,11633,2514,city0102_region2,55.2,,,
103,2849,2175,city0103_region0,16.1,,,
103,2849,2175,city0103_region1,48.5,,,
103,2849,2175,city0103_region2,70.2,,,
104,5635,2907,city0104_region0,12.5,,,
104,5635,2907,city0104_region1,26.4,,,
104,5635,2907,city0104_region2,77.2,,,
105,10472,2168,city0105_region0,36.5,,,
105,10472,2168,city0105_region1,73.2,,,
105,10472,2168,city0105_region2,74.2,,,
106,10300,4625,city0106_region0,9.2,,,
106,10300,4625,city0106_region1,86.1,,,
106,10300,4625,city0106_region2,105.4,,,
107,5304,3377,city0107_region0,8.5,,,
107,5304,3377,city0107_region1,46.0,,,
107,5304,3377,city0107_region2,51.0,,,
108,2600,2644,city0108_region0,41.1,,,
108,2600,2644,city0108_region1,75.2,,,
108,2600,2644,city0108_region2,79.6,,,
109,11446,2352,city0109_region0,12.5,,,
109,11446,2352,city0109_region1,35.4,,,
109,11446,2352,city0109_region2,38.2,,,
110,9643,3985,city0110_region0,12.4,,,
110,9643,3985,city0110_region1,40.0,,,
110,9643,3985,city0110_region2,46.0,,,
111,11213,2483,city0111_region0,11.2,,,
111,11213,2483,city0111_region1,32.4,,,
111,11213,2483,city0111_region2,44.4,,,
112,6359,4084,city0112_region0,20.2,,,
112,6359,4084,city0112_region1,43.4,,,
112,6359,4084,city0112_region2,51.6,,,
113,2747,2375,city0113_region0,11.0,,,
113,2747,2375,city0113_region1,47.4,,,
113,2747,2375,city0113_region2,52.6,,,
114,2722,4359,city0114_region0,26.4,,,
114,2722,4359,city0114_region1,53.8,,,
114,2722,4359,city0114_region2,72.8,,,
115,11457,3997,city0115_region0,23.2,,,
115,11457,3997,city0115_region1,35.9,,,
115,11457,3997,city0115_region2,57.1,,,
116,10012,4073,city0116_region0,15.7,,,
116,10012,4073,city0116_region1,39.3,,,
116,10012,4073,city0116_region2,44.3,,,
117,3272,3124,city0117_region0,10.8,,,
117,3272,3124,city0117_region1,10.8,,,
117,3272,3124,city0117_region2,56.3,,,
118,6873,4897,city0118_region0,5.1,,,
118,6873,4897,city0118_region1,27.8,,,
118,6873,4897,city0118_region2,39.1,,,
119,9852,2256,city0119_region0,14.4,,,
119,9852,2256,city0119_region1,43.3,,,
119,9852,2256,city0119_region2,49.6,,,
120,9016,4104,city0120_region0,0.0,,,
120,9016,4104,city0120_region1,33.5,,,
120,9016,4104,city0120_region2,35.5,,,
121,8091,4101,city0121_region0,0.0,,,
121,8091,4101,city0121_region1,12.0,,,
121,8091,4101,city0121_region2,61.6,,,
122,10774,4449,city0122_region0,9.8,,,
122,10774,4449,city0122_region1,10.3,,,
122,10774,4449,city0122_region2,70.2,,,
123,10395,4818,city0123_region0,40.2,,,
123,10395,4818,city0123_region1,55.9,,,
123,10395,4818,city0123_region2,68.0,,,
124,12570,2100,city0124_region0,16.8,,,
124,12570,2100,city0124_region1,40.4,,,
124,12570,2100,city0124_region2,62.6,,,
125,6265,5007,city0125_region0,12.1,,,
125,6265,5007,city0125_region1,67.1,,,
125,6265,5007,city0125_region2,134.6,,,
126,11366,3543,city0126_region0,13.6,,,
126,11366,3543,city0126_region1,72.1,,,
126,11366,3543,city0126_region2,83.1,,,
127,9728,5102,city0127_region0,10.3,,,
127,9728,5102,city0127_region1,18.0,,,
127,9728,5102,city0127_region2,92.4,,,
128,5906,2085,city0128_region0,23.8,,,
128,5906,2085,city0128_region1,61.5,,,
128,5906,2085,city0128_region2,72.4,,,
129,12075,5287,city0129_region0,14.6,,,
129,12075,5287,city0129_region1,20.6,,,
129,12075,5287,city0129_region2,21.5,,,
130,9367,5228,city0130_region0,14.2,,,
130,9367,5228,city0130_region1,43.4,,,
130,9367,5228,city0130_region2,44.4,,,
131,5903,4472,city0131_region0,10.0,,,
131,5903,4472,city0131_region1,16.4,,,
131,5903,4472,city0131_region2,68.2,,,
132,11314,4190,city0132_region0,10.4,,,
132,11314,4190,city0132_region1,16.1,,,
132,11314,4190,city0132_region2,48.7,,,
133,1345,3999,city0133_region0,14.9,,,
133,1345,3999,city0133_region1,19.3,,,
134,11618,2591,city0134_region0,45.2,,,
134,11618,2591,city0134_region1,48.8,,,
134,11618,2591,city0134_region2,56.9,,,
135,5913,2162,city0135_region0,14.3,,,
135,5913,2162,city0135_region1,18.1,,,
135,5913,2162,city0135_region2,62.4,,,
136,11520,3822,city0136_region0,43.2,,,
136,11520,3822,city0136_region1,82.4,,,
136,11520,3822,city0136_region2,88.1,,,
137,11235,2608,city0137_region0,10.3,,,
137,11235,2608,city0137_region1,23.3,,,
137,11235,2608,city0137_region2,55.9,,,
138,5075,3349,city0138_region0,33.8,,,
138,5075,3349,city0138_region1,34.0,,,
138,5075,3349,city0138_region2,38.2,,,
139,2223,4666,city0139_region0,9.9,,,
139,2223,4666,city0139_region1,21.1,,,
139,2223,4666,city0139_region2,34.5,,,
140,6365,3710,city0140_region0,24.3,,,
140,6365,3710,city0140_region1,28.8,,,
140,6365,3710,city0140_region2,31.8,,,
141,11174,4338,city0141_region0,12.2,,,
141,11174,4338,city0141_region1,68.2,,,
141,11174,4338,city0141_region2,88.6,,,
142,1190,1929,city0142_region0,10.0,,,
142,1190,1929,city0142_region1,10.8,,,
142,1190,1929,city0142_region2,39.7,,,
143,5245,3228,city0143_region0,21.0,,,
143,5245,3228,city0143_region1,54.3,,,
143,5245,3228,city0143_region2,70.7,,,
144,8412,4586,city0144_region0,10.0,,,
144,8412,4586,city0144_region1,98.4,,,
144,8412,4586,city0144_region2,118.3,,,
145,6588,1985,city0145_region0,17.5,,,
145,6588,1985,city0145_region1,40.0,,,
145,6588,1985,city0145_region2,66.2,,,
146,12015,1090,city0146_region0,0.0,,,
146,12015,1090,city0146_region1,16.4,,,
146,12015,1090,city0146_region2,71.8,,,
147,10189,4544,city0147_region0,22.1,,,
147,10189,4544,city0147_region1,89.8,,,
147,10189,4544,city0147_region2,90.0,,,
148,8834,1922,city0148_region0,9.8,,,
148,8834,1922,city0148_region1,38.3,,,
148,8834,1922,city0148_region2,62.1,,,
149,2633,3245,city0149_region0,11.3,,,
149,2633,3245,city0149_region1,35.2,,,
149,2633,3245,city0149_region2,55.1,,,
150,10026,3610,city0150_region0,12.2,,,
150,10026,3610,city0150_region1,42.4,,,
150,10026,3610,city0150_region2,44.3,,,
151,9681,1340,city0151_region0,7.2,,,
151,9681,1340,city0151_region1,10.8,,,
151,9681,1340,city0151_region2,99.5,,,
152,5497,4034,city0152_region0,13.6,,,
152,5497,4034,city0152_region1,37.1,,,
152,5497,4034,city0152_region2,66.2,,,
153,2794,3425,city0153_region0,13.3,,,
153,2794,3425,city0153_region1,49.0,,,
153,2794,3425,city0153_region2,61.8,,,
154,6290,3306,city0154_region0,8.2,,,
154,6290,3306,city0154_region1,49.1,,,
154,6290,3306,city0154_region2,60.4,,,
155,10084,1857,city0155_region0,21.5,,,
155,10084,1857,city0155_region1,42.6,,,
155,10084,1857,city0155_region2,67.0,,,
156,7535,3786,city0156_region0,1.0,,,
156,7535,3786,city0156_region1,12.8,,,
156,7535,3786,city0156_region2,63.3,,,
157,10304,5003,city0157_region0,6.7,,,
157,10304,5003,city0157_region1,85.4,,,
157,10304,5003,city0157_region2,87.7,,,
158,11340,3014,city0158_region0,18.4,,,
158,11340,3014,city0158_region1,30.0,,,
158,11340,3014,city0158_region2,36.6,,,
159,5105,3046,city0159_region0,29.2,,,
159,5105,3046,city0159_region1,81.6,,,
159,5105,3046,city0159_region2,87.7,,,
160,3785,4205,city0160_region0,24.2,,,
160,3785,4205,city0160_region1,56.0,,,
160,3785,4205,city0160_region2,69.4,,,
161,6629,3553,city0161_region0,4.0,,,
161,6629,3553,city0161_region1,43.9,,,
161,6629,3553,city0161_region2,48.5,,,
162,11764,2397,city0162_region0,10.0,,,
162,11764,2397,city0162_region1,39.8,,,
162,11764,2397,city0162_region2,56.3,,,
163,4247,5121,city0163_region0,7.2,,,
163,4247,5121,city0163_region1,15.0,,,
163,4247,5121,city0163_region2,41.7,,,
164,9860,4000,city0164_region0,12.7,,,
164,9860,4000,city0164_region1,42.1,,,
164,9860,4000,city0164_region2,56.4,,,
165,8348,5236,city0165_region0,8.2,,,
165,8348,5236,city0165_region1,47.5,,,
165,8348,5236,city0165_region2,47.5,,,
166,11403,3832,city0166_region0,15.8,,,
166,11403,3832,city0166_region1,97.7,,,
166,11403,3832,city0166_region2,100.0,,,
167,8717,2212,city0167_region0,13.5,,,
167,8717,2212,city0167_region1,17.5,,,
167,8717,2212,city0167_region2,67.7,,,
168,10078,4522,city0168_region0,10.2,,,
168,10078,4522,city0168_region1,44.4,,,
168,10078,4522,city0168_region2,63.9,,,
169,8146,4668,city0169_region0,9.4,,,
169,8146,4668,city0169_region1,36.7,,,
169,8146,4668,city0169_region2,67.7,,,
170,11173,2357,city0170_region0,14.4,,,
170,11173,2357,city0170_region1,60.6,,,
170,11173,2357,city0170_region2,61.8,,,
171,5257,3125,city0171_region0,1.0,,,
171,5257,3125,city0171_region1,19.4,,,
171,5257,3125,city0171_region2,49.0,,,
172,3286,748,city0172_region0,49.7,,,
172,3286,748,city0172_region1,58.2,,,
172,3286,748,city0172_region2,62.6,,,
173,6285,2011,city0173_region0,23.3,,,
173,6285,2011,city0173_region1,60.4,,,
173,6285,2011,city0173_region2,105.5,,,
174,1050,4219,city0174_region0,5.0,,,
174,1050,4219,city0174_region1,8.0,,,
174,1050,4219,city0174_region2,38.9,,,
175,6087,1154,city0175_region0,26.9,,,
175,6087,1154,city0175_region1,28.2,,,
175,6087,1154,city0175_region2,43.0,,,
176,3124,2352,city0176_region0,24.5,,,
176,3124,2352,city0176_region1,33.2,,,
176,3124,2352,city0176_region2,43.9,,,
177,11781,1434,city0177_region0,29.1,,,
177,11781,1434,city0177_region1,67.8,,,
177,11781,1434,city0177_region2,77.1,,,
178,10114,4864,city0178_region0,17.2,,,
178,10114,4864,city0178_region1,18.0,,,
178,10114,4864,city0178_region2,67.5,,,
179,9849,4565,city0179_region0,11.4,,,
179,9849,4565,city0179_region1,29.2,,,
179,9849,4565,city0179_region2,124.3,,,
180,2694,4460,city0180_region0,11.2,,,
180,2694,4460,city0180_region1,43.3,,,
180,2694,4460,city0180_region2,73.1,,,
181,8854,4411,city0181_region0,9.2,,,
181,8854,4411,city0181_region1,77.7,,,
181,8854,4411,city0181_region2,89.4,,,
182,5915,2394,city0182_region0,7.2,,,
182,5915,2394,city0182_region1,20.1,,,
182,5915,2394,city0182_region2,100.0,,,
183,11191,5428,city0183_region0,48.3,,,
183,11191,5428,city0183_region1,49.6,,,
183,11191,5428,city0183_region2,58.9,,,
184,10528,1387,city0184_region0,13.0,,,
184,10528,1387,city0184_region1,77.4,,,
184,10528,1387,city0184_region2,84.9,,,
185,6733,2704,city0185_region0,10.4,,,
185,6733,2704,city0185_region1,60.1,,,
185,6733,2704,city0185_region2,79.6,,,
186,7896,5440,city0186_region0,13.4,,,
186,7896,5440,city0186_region1,15.6,,,
186,7896,5440,city0186_region2,83.6,,,
187,4896,3355,city0187_region0,22.7,,,
187,4896,3355,city0187_region1,39.1,,,
187,4896,3355,city0187_region2,50.8,,,
188,7436,3695,city0188_region0,4.1,,,
188,7436,3695,city0188_region1,28.8,,,
188,7436,3695,city0188_region2,101.4,,,
189,1672,4853,city0189_region0,21.9,,,
189,1672,4853,city0189_region1,81.1,,,
189,1672,4853,city0189_region2,92.0,,,
190,2809,3028,city0190_region0,23.3,,,
190,2809,3028,city0190_region1,27.8,,,
190,2809,3028,city0190_region2,62.4,,,
191,11205,3290,city0191_region0,33.8,,,
191,11205,3290,city0191_region1,52.2,,,
191,11205,3290,city0191_region2,69.3,,,
192,11012,4484,city0192_region0,1.0,,,
192,11012,4484,city0192_region1,33.1,,,
192,11012,4484,city0192_region2,44.0,,,
193,11878,3456,city0193_region0,16.6,,,
193,11878,3456,city0193_region1,55.9,,,
193,11878,3456,city0193_region2,61.1,,,
194,9163,5018,city0194_region0,5.1,,,
194,9163,5018,city0194_region1,32.2,,,
194,9163,5018,city0194_region2,50.7,,,
195,1336,3781,city0195_region0,8.0,,,
195,1336,3781,city0195_region1,11.0,,,
195,1336,3781,city0195_region2,39.4,,,
196,7826,4865,city0196_region0,2.2,,,
196,7826,4865,city0196_region1,59.5,,,
196,7826,4865,city0196_region2,70.8,,,
197,6948,3454,city0197_region0,25.3,,,
197,6948,3454,city0197_region1,48.8,,,
197,6948,3454,city0197_region2,56.0,,,
198,3855,2275,city0198_region0,0.0,,,
198,3855,2275,city0198_region1,32.2,,,
198,3855,2275,city0198_region2,47.0,,,
199,5821,4703,city0199_region0,23.8,,,
199,5821,4703,city0199_region1,45.2,,,
199,5821,4703,city0199_region2,59.4,,,
200,9856,3830,city0200_region0,27.9,,,
200,9856,3830,city0200_region1,55.7,,,
200,9856,3830,city0200_region2,72.8,,,
201,12355,592,city0201_region0,21.9,,,
201,12355,592,city0201_region1,31.6,,,
201,12355,592,city0201_region2,78.6,,,
202,10207,3853,city0202_region0,14.9,,,
202,10207,3853,city0202_region1,53.6,,,
202,10207,3853,city0202_region2,56.0,,,
203,6079,1814,city0203_region0,51.9,,,
203,6079,1814,city0203_region1,55.2,,,
203,6079,1814,city0203_region2,55.3,,,
204,8406,3972,city0204_region0,9.5,,,
204,8406,3972,city0204_region1,18.0,,,
204,8406,3972,city0204_region2,71.6,,,
205,554,2611,city0205_region0,25.5,,,
205,554,2611,city0205_region1,78.2,,,
205,554,2611,city0205_region2,92.8,,,
206,5151,2976,city0206_region0,8.9,,,
206,5151,2976,city0206_region1,75.0,,,
206,5151,2976,city0206_region2,94.8,,,
207,7386,4884,city0207_region0,21.0,,,
207,7386,4884,city0207_region1,33.0,,,
207,7386,4884,city0207_region2,50.6,,,
208,4915,1634,city0208_region0,2.8,,,
208,4915,1634,city0208_region1,6.3,,,
208,4915,1634,city0208_region2,52.2,,,
209,5176,2559,city0209_region0,33.5,,,
209,5176,2559,city0209_region1,41.0,,,
209,5176,2559,city0209_region2,55.2,,,
210,11413,4255,city0210_region0,27.5,,,
210,11413,4255,city0210_region1,66.4,,,
210,11413,4255,city0210_region2,68.0,,,
211,11373,3719,city0211_region0,39.1,,,
211,11373,3719,city0211_region1,81.1,,,
211,11373,3719,city0211_region2,86.8,,,
212,1394,1659,city0212_region0,7.8,,,
212,1394,1659,city0212_region1,14.9,,,
212,1394,1659,city0212_region2,31.1,,,
213,11882,3272,city0213_region0,10.6,,,
213,11882,3272,city0213_region1,43.2,,,
213,11882,3272,city0213_region2,51.9,,,
214,7338,3655,city0214_region0,8.6,,,
214,7338,3655,city0214_region1,59.5,,,
214,7338,3655,city0214_region2,97.1,,,
215,5238,4401,city0215_region0,1.0,,,
215,5238,4401,city0215_region1,10.2,,,
215,5238,4401,city0215_region2,50.7,,,
216,6913,2554,city0216_region0,11.2,,,
216,6913,2554,city0216_region1,39.8,,,
216,6913,2554,city0216_region2,45.7,,,
217,3505,4201,city0217_region0,10.8,,,
217,3505,4201,city0217_region1,53.3,,,
217,3505,4201,city0217_region2,56.9,,,
218,11699,3587,city0218_region0,28.2,,,
218,11699,3587,city0218_region1,29.2,,,
218,11699,3587,city0218_region2,35.0,,,
219,11957,4421,city0219_region0,12.6,,,
219,11957,4421,city0219_region1,34.2,,,
219,11957,4421,city0219_region2,51.2,,,
220,4315,2540,city0220_region0,8.5,,,
220,4315,2540,city0220_region1,8.9,,,
220,4315,2540,city0220_region2,35.0,,,
221,10588,3845,city0221_region0,8.1,,,
221,10588,3845,city0221_region1,41.0,,,
221,10588,3845,city0221_region2,70.0,,,
222,2996,3449,city0222_region0,46.9,,,
222,2996,3449,city0222_region1,47.4,,,
222,2996,3449,city0222_region2,68.6,,,
223,5687,2738,city0223_region0,23.8,,,
223,5687,2738,city0223_region1,31.1,,,
223,5687,2738,city0223_region2,54.1,,,
224,11633,2389,city0224_region0,21.2,,,
224,11633,2389,city0224_region1,21.5,,,
224,11633,2389,city0224_region2,49.2,,,
225,12207,3662,city0225_region0,2.2,,,
225,12207,3662,city0225_region1,34.2,,,
225,12207,3662,city0225_region2,39.1,,,
226,1656,846,city0226_region0,0.0,,,
226,1656,846,city0226_region1,25.9,,,
226,1656,846,city0226_region2,89.5,,,
227,6256,3648,city0227_region0,7.1,,,
227,6256,3648,city0227_region1,83.2,,,
227,6256,3648,city0227_region2,100.6,,,
228,11330,4513,city0228_region0,22.8,,,
228,11330,4513,city0228_region1,59.5,,,
228,11330,4513,city0228_region2,85.4,,,
229,10000,3528,city0229_region0,31.3,,,
229,10000,3528,city0229_region1,32.0,,,
229,10000,3528,city0229_region2,45.3,,,
230,9530,2134,city0230_region0,2.2,,,
230,9530,2134,city0230_region1,16.8,,,
230,9530,2134,city0230_region2,28.4,,,
231,8558,3957,city0231_region0,12.0,,,
231,8558,3957,city0231_region1,15.7,,,
231,8558,3957,city0231_region2,76.5,,,
232,1552,4510,city0232_region0,7.8,,,
232,1552,4510,city0232_region1,44.3,,,
232,1552,4510,city0232_region2,79.6,,,
233,10969,4820,city0233_region0,42.2,,,
233,10969,4820,city0233_region1,49.3,,,
233,10969,4820,city0233_region2,56.6,,,
234,10348,1486,city0234_region0,31.0,,,
234,10348,1486,city0234_region1,59.5,,,
234,10348,1486,city0234_region2,107.8,,,
235,8836,4725,city0235_region0,8.2,,,
235,8836,4725,city0235_region1,52.3,,,
235,8836,4725,city0235_region2,56.0,,,
236,10005,4808,city0236_region0,21.0,,,
236,10005,4808,city0236_region1,61.3,,,
236,10005,4808,city0236_region2,102.1,,,
237,6994,2666,city0237_region0,16.1,,,
237,6994,2666,city0237_region1,37.4,,,
237,6994,2666,city0237_region2,48.4,,,
238,7607,4752,city0238_region0,22.8,,,
238,7607,4752,city0238_region1,68.3,,,
238,7607,4752,city0238_region2,75.0,,,
239,6336,1810,city0239_region0,9.5,,,
239,6336,1810,city0239_region1,18.0,,,
239,6336,1810,city0239_region2,53.3,,,
240,9733,1436,city0240_region0,9.5,,,
240,9733,1436,city0240_region1,101.8,,,
240,9733,1436,city0240_region2,116.2,,,
241,4217,2628,city0241_region0,30.8,,,
241,4217,2628,city0241_region1,35.2,,,
241,4217,2628,city0241_region2,57.7,,,
242,8494,4126,city0242_region0,9.4,,,
242,8494,4126,city0242_region1,22.7,,,
242,8494,4126,city0242_region2,44.1,,,
243,5332,1891,city0243_region0,6.7,,,
243,5332,1891,city0243_region1,44.4,,,
243,5332,1891,city0243_region2,54.6,,,
244,11372,3938,city0244_region0,18.0,,,
244,11372,3938,city0244_region1,65.1,,,
244,11372,3938,city0244_region2,70.7,,,
245,3341,2471,city0245_region0,21.9,,,
245,3341,2471,city0245_region1,23.3,,,
245,3341,2471,city0245_region2,59.2,,,
246,10607,4353,city0246_region0,14.4,,,
246,10607,4353,city0246_region1,48.9,,,
246,10607,4353,city0246_region2,56.9,,,
247,6387,4940,city0247_region0,7.3,,,
247,6387,4940,city0247_region1,13.0,,,
247,6387,4940,city0247_region2,106.1,,,
248,5186,2446,city0248_region0,14.1,,,
248,5186,2446,city0248_region1,15.6,,,
248,5186,2446,city0248_region2,35.4,,,
249,2546,3132,city0249_region0,6.1,,,
249,2546,3132,city0249_region1,29.2,,,
249,2546,3132,city0249_region2,75.7,,,
250,6992,3215,city0250_region0,24.2,,,
250,6992,3215,city0250_region1,45.2,,,
250,6992,3215,city0250_region2,48.8,,,
251,12057,3212,city0251_region0,21.6,,,
251,12057,3212,city0251_region1,55.1,,,
251,12057,3212,city0251_region2,61.6,,,
252,3560,3620,city0252_region0,27.5,,,
252,3560,3620,city0252_region1,70.8,,,
252,3560,3620,city0252_region2,82.3,,,
253,3153,3341,city0253_region0,11.3,,,
253,3153,3341,city0253_region1,43.8,,,
253,3153,3341,city0253_region2,45.4,,,
254,9347,4574,city0254_region0,8.9,,,
254,9347,4574,city0254_region1,8.9,,,
254,9347,4574,city0254_region2,89.9,,,
255,9573,3359,city0255_region0,20.2,,,
255,9573,3359,city0255_region1,67.7,,,
255,9573,3359,city0255_region2,77.5,,,
256,7959,4779,city0256_region0,8.5,,,
256,7959,4779,city0256_region1,42.7,,,
256,7959,4779,city0256_region2,61.9,,,
257,9506,3727,city0257_region0,6.0,,,
257,9506,3727,city0257_region1,40.5,,,
257,9506,3727,city0257_region2,53.9,,,
258,4778,1737,city0258_region0,1.0,,,
258,4778,1737,city0258_region1,24.7,,,
258,4778,1737,city0258_region2,40.2,,,
259,11371,2512,city0259_region0,22.5,,,
259,11371,2512,city0259_region1,51.9,,,
259,11371,2512,city0259_region2,74.0,,,
260,568,3989,city0260_region0,17.1,,,
260,568,3989,city0260_region1,46.1,,,
260,568,3989,city0260_region2,112.4,,,
261,10903,4532,city0261_region0,9.8,,,
261,10903,4532,city0261_region1,12.7,,,
261,10903,4532,city0261_region2,39.7,,,
262,7319,3816,city0262_region0,1.0,,,
262,7319,3816,city0262_region1,27.9,,,
262,7319,3816,city0262_region2,76.0,,,
263,3180,2927,city0263_region0,43.3,,,
263,3180,2927,city0263_region1,44.0,,,
263,3180,2927,city0263_region2,51.0,,,
264,2923,3091,city0264_region0,22.5,,,
264,2923,3091,city0264_region1,48.3,,,
264,2923,3091,city0264_region2,50.6,,,
265,5998,4449,city0265_region0,52.0,,,
265,5998,4449,city0265_region1,56.2,,,
265,5998,4449,city0265_region2,58.4,,,
266,7523,3864,city0266_region0,10.0,,,
266,7523,3864,city0266_region1,16.8,,,
266,7523,3864,city0266_region2,69.7,,,
267,9534,3889,city0267_region0,1.4,,,
267,9534,3889,city0267_region1,16.1,,,
267,9534,3889,city0267_region2,45.1,,,
268,11099,4280,city0268_region0,9.2,,,
268,11099,4280,city0268_region1,70.4,,,
268,11099,4280,city0268_region2,99.1,,,
269,1308,4440,city0269_region0,16.6,,,
269,1308,4440,city0269_region1,50.2,,,
270,7506,2357,city0270_region0,14.9,,,
270,7506,2357,city0270_region1,44.8,,,
270,7506,2357,city0270_region2,49.4,,,
271,2912,2670,city0271_region0,18.1,,,
271,2912,2670,city0271_region1,55.0,,,
271,2912,2670,city0271_region2,79.1,,,
272,5215,4510,city0272_region0,8.1,,,
272,5215,4510,city0272_region1,39.0,,,
272,5215,4510,city0272_region2,40.8,,,
273,10319,2930,city0273_region0,0.0,,,
273,10319,2930,city0273_region1,42.0,,,
273,10319,2930,city0273_region2,69.6,,,
274,11571,3289,city0274_region0,2.0,,,
274,11571,3289,city0274_region1,32.0,,,
274,11571,3289,city0274_region2,62.6,,,
275,411,2168,city0275_region0,10.8,,,
275,411,2168,city0275_region1,64.8,,,
275,411,2168,city0275_region2,97.8,,,
276,9571,1625,city0276_region0,9.2,,,
276,9571,1625,city0276_region1,97.9,,,
276,9571,1625,city0276_region2,101.1,,,
277,5594,1519,city0277_region0,23.4,,,
277,5594,1519,city0277_region1,58.7,,,
277,5594,1519,city0277_region2,75.0,,,
278,8312,4243,city0278_region0,26.2,,,
278,8312,4243,city0278_region1,37.4,,,
278,8312,4243,city0278_region2,52.0,,,
279,3453,3628,city0279_region0,9.1,,,
279,3453,3628,city0279_region1,24.6,,,
279,3453,3628,city0279_region2,83.4,,,
280,9092,656,city0280_region0,8.1,,,
280,9092,656,city0280_region1,40.2,,,
280,9092,656,city0280_region2,51.0,,,
281,10014,3961,city0281_region0,12.8,,,
281,10014,3961,city0281_region1,52.2,,,
281,10014,3961,city0281_region2,73.1,,,
282,2217,3048,city0282_region0,12.2,,,
282,2217,3048,city0282_region1,23.1,,,
282,2217,3048,city0282_region2,79.8,,,
283,6491,4264,city0283_region0,26.9,,,
283,6491,4264,city0283_region1,37.2,,,
283,6491,4264,city0283_region2,43.0,,,
284,11394,4761,city0284_region0,11.3,,,
284,11394,4761,city0284_region1,44.6,,,
284,11394,4761,city0284_region2,46.3,,,
285,11897,4740,city0285_region0,21.5,,,
285,11897,4740,city0285_region1,34.7,,,
285,11897,4740,city0285_region2,54.6,,,
286,3302,909,city0286_region0,6.3,,,
286,3302,909,city0286_region1,51.1,,,
286,3302,909,city0286_region2,62.0,,,
287,7690,5694,city0287_region0,4.1,,,
287,7690,5694,city0287_region1,38.8,,,
287,7690,5694,city0287_region2,43.0,,,
288,5599,1288,city0288_region0,18.4,,,
288,5599,1288,city0288_region1,54.6,,,
288,5599,1288,city0288_region2,84.9,,,
289,10643,3286,city0289_region0,32.4,,,
289,10643,3286,city0289_region1,34.9,,,
289,10643,3286,city0289_region2,49.1,,,
290,9729,5419,city0290_region0,8.1,,,
290,9729,5419,city0290_region1,38.1,,,
290,9729,5419,city0290_region2,46.9,,,
291,3619,810,city0291_region0,36.6,,,
291,3619,810,city0291_region1,43.9,,,
291,3619,810,city0291_region2,45.6,,,
292,2806,2738,city0292_region0,12.0,,,
292,2806,2738,city0292_region1,15.6,,,
292,2806,2738,city0292_region2,78.0,,,
293,10701,5326,city0293_region0,28.9,,,
293,10701,5326,city0293_region1,34.2,,,
293,10701,5326,city0293_region2,63.6,,,
294,9263,1412,city0294_region0,2.8,,,
294,9263,1412,city0294_region1,117.2,,,
294,9263,1412,city0294_region2,118.1,,,
295,5346,3243,city0295_region0,22.4,,,
295,5346,3243,city0295_region1,43.8,,,
295,5346,3243,city0295_region2,55.1,,,
296,5713,3302,city0296_region0,31.4,,,
296,5713,3302,city0296_region1,48.9,,,
296,5713,3302,city0296_region2,55.6,,,
297,11537,4398,city0297_region0,8.1,,,
297,11537,4398,city0297_region1,24.4,,,
297,11537,4398,city0297_region2,84.2,,,
298,12577,3020,city0298_region0,6.1,,,
298,12577,3020,city0298_region1,8.2,,,
298,12577,3020,city0298_region2,40.8,,,
299,10279,3741,city0299_region0,35.8,,,
299,10279,3741,city0299_region1,42.6,,,
299,10279,3741,city0299_region2,78.4,,,
300,9725,3699,city0300_region0,5.1,,,
300,9725,3699,city0300_region1,40.2,,,
300,9725,3699,city0300_region2,46.6,,,
301,10996,4136,city0301_region0,17.0,,,
301,10996,4136,city0301_region1,56.6,,,
301,10996,4136,city0301_region2,78.5,,,
302,7197,3410,city0302_region0,26.9,,,
302,7197,3410,city0302_region1,28.2,,,
302,7197,3410,city0302_region2,30.0,,,
303,7921,4609,city0303_region0,45.5,,,
303,7921,4609,city0303_region1,53.8,,,
303,7921,4609,city0303_region2,56.4,,,
304,10736,4209,city0304_region0,24.0,,,
304,10736,4209,city0304_region1,30.7,,,
304,10736,4209,city0304_region2,46.2,,,
305,3199,4991,city0305_region0,35.4,,,
305,3199,4991,city0305_region1,43.1,,,
305,3199,4991,city0305_region2,57.4,,,
306,8862,4041,city0306_region0,24.4,,,
306,8862,4041,city0306_region1,29.7,,,
306,8862,4041,city0306_region2,40.3,,,
307,10845,4004,city0307_region0,43.9,,,
307,10845,4004,city0307_region1,58.6,,,
307,10845,4004,city0307_region2,65.9,,,
308,12091,2672,city0308_region0,6.1,,,
308,12091,2672,city0308_region1,56.6,,,
308,12091,2672,city0308_region2,60.8,,,
309,12286,2794,city0309_region0,19.0,,,
309,12286,2794,city0309_region1,72.1,,,
309,12286,2794,city0309_region2,86.5,,,
310,9172,2578,city0310_region0,38.9,,,
310,9172,2578,city0310_region1,46.0,,,
310,9172,2578,city0310_region2,47.3,,,
311,11988,5451,city0311_region0,12.0,,,
311,11988,5451,city0311_region1,76.3,,,
311,11988,5451,city0311_region2,92.6,,,
312,8747,3729,city0312_region0,29.2,,,
312,8747,3729,city0312_region1,58.0,,,
312,8747,3729,city0312_region2,76.2,,,
313,11167,4532,city0313_region0,4.5,,,
313,11167,4532,city0313_region1,51.0,,,
313,11167,4532,city0313_region2,91.0,,,
314,3504,1261,city0314_region0,5.0,,,
314,3504,1261,city0314_region1,83.5,,,
314,3504,1261,city0314_region2,85.1,,,
315,11576,4479,city0315_region0,44.1,,,
315,11576,4479,city0315_region1,51.1,,,
315,11576,4479,city0315_region2,54.2,,,
316,12448,3266,city0316_region0,17.2,,,
316,12448,3266,city0316_region1,47.3,,,
316,12448,3266,city0316_region2,62.8,,,
317,7073,3572,city0317_region0,20.0,,,
317,7073,3572,city0317_region1,21.6,,,
317,7073,3572,city0317_region2,32.0,,,
318,4003,2109,city0318_region0,18.7,,,
318,4003,2109,city0318_region1,19.3,,,
318,4003,2109,city0318_region2,50.2,,,
319,9227,4044,city0319_region0,19.9,,,
319,9227,4044,city0319_region1,31.1,,,
319,9227,4044,city0319_region2,36.2,,,
320,12351,3344,city0320_region0,8.1,,,
320,12351,3344,city0320_region1,65.1,,,
320,12351,3344,city0320_region2,74.9,,,
321,11591,4676,city0321_region0,23.8,,,
321,11591,4676,city0321_region1,27.2,,,
321,11591,4676,city0321_region2,50.8,,,
322,3165,3099,city0322_region0,12.7,,,
322,3165,3099,city0322_region1,12.7,,,
322,3165,3099,city0322_region2,40.6,,,
323,10635,4645,city0323_region0,28.0,,,
323,10635,4645,city0323_region1,98.2,,,
323,10635,4645,city0323_region2,108.2,,,
324,6152,2794,city0324_region0,14.4,,,
324,6152,2794,city0324_region1,49.0,,,
324,6152,2794,city0324_region2,77.4,,,
325,3041,2643,city0325_region0,13.0,,,
325,3041,2643,city0325_region1,14.8,,,
325,3041,2643,city0325_region2,44.8,,,
326,6658,1572,city0326_region0,22.0,,,
326,6658,1572,city0326_region1,32.2,,,
326,6658,1572,city0326_region2,32.6,,,
327,4830,1810,city0327_region0,20.2,,,
327,4830,1810,city0327_region1,55.1,,,
327,4830,1810,city0327_region2,60.0,,,
328,4753,2176,city0328_region0,8.5,,,
328,4753,2176,city0328_region1,19.6,,,
328,4753,2176,city0328_region2,58.2,,,
329,6611,2293,city0329_region0,36.8,,,
329,6611,2293,city0329_region1,62.4,,,
329,6611,2293,city0329_region2,64.3,,,
330,8854,3610,city0330_region0,16.6,,,
330,8854,3610,city0330_region1,39.1,,,
330,8854,3610,city0330_region2,54.6,,,
331,4569,3237,city0331_region0,11.7,,,
331,4569,3237,city0331_region1,67.1,,,
331,4569,3237,city0331_region2,84.0,,,
332,2945,2398,city0332_region0,6.7,,,
332,2945,2398,city0332_region1,60.2,,,
332,2945,2398,city0332_region2,68.2,,,
333,1496,4004,city0333_region0,50.1,,,
333,1496,4004,city0333_region1,95.5,,,
333,1496,4004,city0333_region2,113.0,,,
334,4018,2571,city0334_region0,12.8,,,
334,4018,2571,city0334_region1,37.8,,,
334,4018,2571,city0334_region2,47.4,,,
335,9525,1250,city0335_region0,25.5,,,
335,9525,1250,city0335_region1,39.1,,,
335,9525,1250,city0335_region2,46.0,,,
336,8761,4381,city0336_region0,16.4,,,
336,8761,4381,city0336_region1,66.3,,,
336,8761,4381,city0336_region2,75.4,,,
337,4933,2234,city0337_region0,10.0,,,
337,4933,2234,city0337_region1,32.5,,,
337,4933,2234,city0337_region2,43.8,,,
338,7766,4410,city0338_region0,40.6,,,
338,7766,4410,city0338_region1,47.5,,,
338,7766,4410,city0338_region2,52.2,,,
339,7736,4752,city0339_region0,24.2,,,
339,7736,4752,city0339_region1,61.3,,,
339,7736,4752,city0339_region2,82.4,,,
340,11583,3430,city0340_region0,9.2,,,
340,11583,3430,city0340_region1,52.8,,,
340,11583,3430,city0340_region2,86.3,,,
341,10771,4895,city0341_region0,17.7,,,
341,10771,4895,city0341_region1,33.0,,,
341,10771,4895,city0341_region2,42.2,,,
342,5423,2629,city0342_region0,13.5,,,
342,5423,2629,city0342_region1,17.1,,,
342,5423,2629,city0342_region2,51.0,,,
343,12638,2968,city0343_region0,8.5,,,
343,12638,2968,city0343_region1,11.7,,,
343,12638,2968,city0343_region2,58.2,,,
344,6694,2424,city0344_region0,12.0,,,
344,6694,2424,city0344_region1,39.6,,,
344,6694,2424,city0344_region2,61.4,,,
345,12631,2696,city0345_region0,20.0,,,
345,12631,2696,city0345_region1,35.8,,,
345,12631,2696,city0345_region2,36.5,,,
346,4717,2084,city0346_region0,11.7,,,
346,4717,2084,city0346_region1,49.6,,,
346,4717,2084,city0346_region2,57.6,,,
347,10024,3694,city0347_region0,18.4,,,
347,10024,3694,city0347_region1,45.5,,,
347,10024,3694,city0347_region2,53.0,,,
348,11791,3589,city0348_region0,16.8,,,
348,11791,3589,city0348_region1,46.0,,,
348,11791,3589,city0348_region2,46.6,,,
349,11717,2573,city0349_region0,11.3,,,
349,11717,2573,city0349_region1,39.0,,,
349,11717,2573,city0349_region2,42.0,,,
350,5059,2509,city0350_region0,10.8,,,
350,5059,2509,city0350_region1,12.5,,,
350,5059,2509,city0350_region2,26.2,,,
351,10575,3762,city0351_region0,32.8,,,
351,10575,3762,city0351_region1,35.1,,,
351,10575,3762,city0351_region2,56.9,,,
352,3999,2701,city0352_region0,21.1,,,
352,3999,2701,city0352_region1,36.7,,,
352,3999,2701,city0352_region2,63.6,,,
353,8316,4064,city0353_region0,6.1,,,
353,8316,4064,city0353_region1,35.4,,,
353,8316,4064,city0353_region2,59.7,,,
354,4914,1537,city0354_region0,14.0,,,
354,4914,1537,city0354_region1,22.2,,,
354,4914,1537,city0354_region2,29.7,,,
355,9026,3506,city0355_region0,24.8,,,
355,9026,3506,city0355_region1,47.2,,,
355,9026,3506,city0355_region2,72.4,,,
356,6405,5585,city0356_region0,5.0,,,
356,6405,5585,city0356_region1,26.0,,,
356,6405,5585,city0356_region2,80.6,,,
357,10300,4913,city0357_region0,15.0,,,
357,10300,4913,city0357_region1,51.4,,,
357,10300,4913,city0357_region2,64.1,,,
358,2760,3226,city0358_region0,15.0,,,
358,2760,3226,city0358_region1,43.1,,,
358,2760,3226,city0358_region2,50.3,,,
359,11016,2602,city0359_region0,33.8,,,
359,11016,2602,city0359_region1,38.3,,,
359,11016,2602,city0359_region2,62.2,,,
360,2765,4802,city0360_region0,16.6,,,
360,2765,4802,city0360_region1,21.4,,,
360,2765,4802,city0360_region2,90.0,,,
361,8148,5485,city0361_region0,46.7,,,
361,8148,5485,city0361_region1,67.1,,,
361,8148,5485,city0361_region2,90.2,,,
362,6711,2141,city0362_region0,11.0,,,
362,6711,2141,city0362_region1,52.0,,,
362,6711,2141,city0362_region2,59.7,,,
363,8993,3267,city0363_region0,19.0,,,
363,8993,3267,city0363_region1,21.5,,,
363,8993,3267,city0363_region2,58.2,,,
364,3028,2460,city0364_region0,17.0,,,
364,3028,2460,city0364_region1,50.2,,,
364,3028,2460,city0364_region2,55.0,,,
365,6835,926,city0365_region0,23.7,,,
365,6835,926,city0365_region1,25.3,,,
365,6835,926,city0365_region2,54.4,,,
366,8526,926,city0366_region0,1.4,,,
366,8526,926,city0366_region1,12.0,,,
366,8526,926,city0366_region2,84.2,,,
367,2857,3240,city0367_region0,15.3,,,
367,2857,3240,city0367_region1,31.3,,,
367,2857,3240,city0367_region2,62.0,,,
368,5276,2287,city0368_region0,9.2,,,
368,5276,2287,city0368_region1,51.0,,,
368,5276,2287,city0368_region2,55.5,,,
369,12112,3687,city0369_region0,15.3,,,
369,12112,3687,city0369_region1,76.1,,,
369,12112,3687,city0369_region2,93.0,,,
370,12718,2649,city0370_region0,16.3,,,
370,12718,2649,city0370_region1,50.7,,,
370,12718,2649,city0370_region2,55.3,,,
371,5332,5455,city0371_region0,43.3,,,
371,5332,5455,city0371_region1,46.1,,,
371,5332,5455,city0371_region2,89.4,,,
372,8851,4167,city0372_region0,19.7,,,
372,8851,4167,city0372_region1,52.3,,,
372,8851,4167,city0372_region2,70.2,,,
373,8030,2024,city0373_region0,19.2,,,
373,8030,2024,city0373_region1,24.3,,,
373,8030,2024,city0373_region2,99.9,,,
374,2406,3167,city0374_region0,18.4,,,
374,2406,3167,city0374_region1,46.8,,,
374,2406,3167,city0374_region2,51.9,,,
375,3105,3024,city0375_region0,10.8,,,
375,3105,3024,city0375_region1,64.8,,,
375,3105,3024,city0375_region2,74.2,,,
376,3386,1756,city0376_region0,33.8,,,
376,3386,1756,city0376_region1,53.8,,,
376,3386,1756,city0376_region2,67.0,,,
377,6615,3471,city0377_region0,31.4,,,
377,6615,3471,city0377_region1,42.0,,,
377,6615,3471,city0377_region2,67.6,,,
378,3326,2335,city0378_region0,0.0,,,
378,3326,2335,city0378_region1,23.9,,,
378,3326,2335,city0378_region2,41.7,,,
379,3478,2780,city0379_region0,7.1,,,
379,3478,2780,city0379_region1,26.1,,,
379,3478,2780,city0379_region2,39.3,,,
380,11962,3423,city0380_region0,21.9,,,
380,11962,3423,city0380_region1,59.1,,,
380,11962,3423,city0380_region2,62.3,,,
381,6459,5160,city0381_region0,11.4,,,
381,6459,5160,city0381_region1,72.8,,,
381,6459,5160,city0381_region2,77.0,,,
382,4913,1974,city0382_region0,11.2,,,
382,4913,1974,city0382_region1,61.1,,,
382,4913,1974,city0382_region2,97.9,,,
383,7028,4362,city0383_region0,43.8,,,
383,7028,4362,city0383_region1,47.5,,,
383,7028,4362,city0383_region2,65.0,,,
384,7267,1467,city0384_region0,5.1,,,
384,7267,1467,city0384_region1,46.9,,,
384,7267,1467,city0384_region2,94.4,,,
385,6175,1079,city0385_region0,22.1,,,
385,6175,1079,city0385_region1,30.8,,,
385,6175,1079,city0385_region2,43.7,,,
386,10899,3215,city0386_region0,33.1,,,
386,10899,3215,city0386_region1,42.4,,,
386,10899,3215,city0386_region2,63.6,,,
387,11483,4093,city0387_region0,5.0,,,
387,11483,4093,city0387_region1,53.0,,,
387,11483,4093,city0387_region2,66.4,,,
388,3403,450,city0388_region0,31.0,,,
388,3403,450,city0388_region1,31.8,,,
388,3403,450,city0388_region2,66.1,,,
389,6279,2314,city0389_region0,10.0,,,
389,6279,2314,city0389_region1,11.7,,,
389,6279,2314,city0389_region2,77.8,,,
390,11308,4812,city0390_region0,8.6,,,
390,11308,4812,city0390_region1,27.5,,,
390,11308,4812,city0390_region2,36.0,,,
391,11625,4762,city0391_region0,22.8,,,
391,11625,4762,city0391_region1,44.0,,,
391,11625,4762,city0391_region2,54.3,,,
392,4723,1810,city0392_region0,12.8,,,
392,4723,1810,city0392_region1,62.2,,,
392,4723,1810,city0392_region2,76.8,,,
393,6308,2446,city0393_region0,10.4,,,
393,6308,2446,city0393_region1,33.8,,,
393,6308,2446,city0393_region2,51.4,,,
394,3671,2738,city0394_region0,24.6,,,
394,3671,2738,city0394_region1,33.5,,,
394,3671,2738,city0394_region2,38.5,,,
395,8500,3378,city0395_region0,12.5,,,
395,8500,3378,city0395_region1,59.3,,,
395,8500,3378,city0395_region2,60.5,,,
396,2061,3378,city0396_region0,12.0,,,
396,2061,3378,city0396_region1,42.5,,,
396,2061,3378,city0396_region2,50.2,,,
397,2397,684,city0397_region0,13.0,,,
397,2397,684,city0397_region1,62.0,,,
397,2397,684,city0397_region2,81.8,,,
398,4882,1732,city0398_region0,14.3,,,
398,4882,1732,city0398_region1,43.8,,,
398,4882,1732,city0398_region2,59.0,,,
399,3667,2618,city0399_region0,19.0,,,
399,3667,2618,city0399_region1,27.9,,,
399,3667,2618,city0399_region2,44.2,,,
400,12529,3302,city0400_region0,15.7,,,
400,12529,3302,city0400_region1,39.1,,,
400,12529,3302,city0400_region2,48.1,,,
401,11032,4370,city0401_region0,7.1,,,
401,11032,4370,city0401_region1,38.3,,,
401,11032,4370,city0401_region2,65.4,,,
402,11606,4025,city0402_region0,19.9,,,
402,11606,4025,city0402_region1,28.6,,,
402,11606,4025,city0402_region2,70.9,,,
403,10884,4642,city0403_region0,29.3,,,
403,10884,4642,city0403_region1,36.4,,,
403,10884,4642,city0403_region2,56.8,,,
404,12318,1436,city0404_region0,8.2,,,
404,12318,1436,city0404_region1,124.2,,,
404,12318,1436,city0404_region2,126.3,,,
405,4462,1863,city0405_region0,9.4,,,
405,4462,1863,city0405_region1,66.5,,,
405,4462,1863,city0405_region2,70.9,,,
406,7029,3711,city0406_region0,3.2,,,
406,7029,3711,city0406_region1,51.0,,,
406,7029,3711,city0406_region2,52.0,,,
407,8518,3661,city0407_region0,13.6,,,
407,8518,3661,city0407_region1,37.0,,,
407,8518,3661,city0407_region2,44.8,,,
408,3154,2477,city0408_region0,10.8,,,
408,3154,2477,city0408_region1,40.7,,,
408,3154,2477,city0408_region2,41.1,,,
409,7056,2585,city0409_region0,57.0,,,
409,7056,2585,city0409_region1,64.0,,,
409,7056,2585,city0409_region2,66.5,,,
410,9457,2158,city0410_region0,10.3,,,
410,9457,2158,city0410_region1,53.3,,,
410,9457,2158,city0410_region2,58.2,,,
411,8013,1737,city0411_region0,30.4,,,
411,8013,1737,city0411_region1,59.8,,,
411,8013,1737,city0411_region2,63.1,,,
412,11308,4705,city0412_region0,8.5,,,
412,11308,4705,city0412_region1,69.4,,,
412,11308,4705,city0412_region2,76.4,,,
413,4130,2999,city0413_region0,13.3,,,
413,4130,2999,city0413_region1,43.0,,,
413,4130,2999,city0413_region2,44.9,,,
414,6836,2407,city0414_region0,27.7,,,
414,6836,2407,city0414_region1,46.0,,,
414,6836,2407,city0414_region2,54.0,,,
415,6739,1651,city0415_region0,16.6,,,
415,6739,1651,city0415_region1,40.8,,,
415,6739,1651,city0415_region2,65.0,,,
416,6552,3193,city0416_region0,37.2,,,
416,6552,3193,city0416_region1,40.5,,,
416,6552,3193,city0416_region2,50.3,,,
417,10756,4694,city0417_region0,19.7,,,
417,10756,4694,city0417_region1,26.0,,,
417,10756,4694,city0417_region2,70.8,,,
418,10860,4891,city0418_region0,31.8,,,
418,10860,4891,city0418_region1,37.6,,,
418,10860,4891,city0418_region2,42.8,,,
419,3311,2567,city0419_region0,5.0,,,
419,3311,2567,city0419_region1,45.7,,,
419,3311,2567,city0419_region2,50.2,,,
420,8131,1604,city0420_region0,16.1,,,
420,8131,1604,city0420_region1,39.3,,,
420,8131,1604,city0420_region2,49.2,,,
421,6184,4093,city0421_region0,29.7,,,
421,6184,4093,city0421_region1,52.8,,,
421,6184,4093,city0421_region2,55.2,,,
422,2566,1974,city0422_region0,15.0,,,
422,2566,1974,city0422_region1,63.2,,,
422,2566,1974,city0422_region2,71.1,,,
423,9467,4609,city0423_region0,6.3,,,
423,9467,4609,city0423_region1,85.4,,,
423,9467,4609,city0423_region2,106.1,,,
424,7837,3735,city0424_region0,36.7,,,
424,7837,3735,city0424_region1,37.9,,,
424,7837,3735,city0424_region2,52.8,,,
425,640,2684,city0425_region0,12.1,,,
425,640,2684,city0425_region1,20.2,,,
425,640,2684,city0425_region2,69.6,,,
426,8955,3641,city0426_region0,12.8,,,
426,8955,3641,city0426_region1,35.7,,,
426,8955,3641,city0426_region2,85.0,,,
427,3604,4385,city0427_region0,38.5,,,
427,3604,4385,city0427_region1,40.1,,,
427,3604,4385,city0427_region2,44.1,,,
428,795,3809,city0428_region0,10.8,,,
428,795,3809,city0428_region1,52.6,,,
428,795,3809,city0428_region2,125.5,,,
429,8028,4831,city0429_region0,4.5,,,
429,8028,4831,city0429_region1,50.3,,,
429,8028,4831,city0429_region2,61.7,,,
430,7193,4710,city0430_region0,8.5,,,
430,7193,4710,city0430_region1,51.0,,,
430,7193,4710,city0430_region2,70.1,,,
431,4013,2494,city0431_region0,10.4,,,
431,4013,2494,city0431_region1,29.4,,,
431,4013,2494,city0431_region2,48.3,,,
432,7205,744,city0432_region0,17.2,,,
432,7205,744,city0432_region1,108.4,,,
432,7205,744,city0432_region2,126.2,,,
433,11605,4581,city0433_region0,30.8,,,
433,11605,4581,city0433_region1,36.1,,,
433,11605,4581,city0433_region2,44.3,,,
434,3854,1557,city0434_region0,10.0,,,
434,3854,1557,city0434_region1,14.9,,,
434,3854,1557,city0434_region2,38.1,,,
435,10472,3702,city0435_region0,29.3,,,
435,10472,3702,city0435_region1,41.2,,,
435,10472,3702,city0435_region2,45.4,,,
436,7930,1978,city0436_region0,24.4,,,
436,7930,1978,city0436_region1,78.6,,,
436,7930,1978,city0436_region2,86.4,,,
437,8088,2124,city0437_region0,20.6,,,
437,8088,2124,city0437_region1,93.3,,,
437,8088,2124,city0437_region2,93.6,,,
438,2649,2339,city0438_region0,32.3,,,
438,2649,2339,city0438_region1,35.6,,,
438,2649,2339,city0438_region2,41.0,,,
439,7963,3938,city0439_region0,20.9,,,
439,7963,3938,city0439_region1,21.4,,,
439,7963,3938,city0439_region2,42.4,,,
440,2991,2933,city0440_region0,32.3,,,
440,2991,2933,city0440_region1,62.4,,,
440,2991,2933,city0440_region2,68.1,,,
441,9757,3937,city0441_region0,16.2,,,
441,9757,3937,city0441_region1,73.5,,,
441,9757,3937,city0441_region2,82.2,,,
442,6230,1345,city0442_region0,15.7,,,
442,6230,1345,city0442_region1,47.1,,,
442,6230,1345,city0442_region2,50.2,,,
443,3410,4952,city0443_region0,24.5,,,
443,3410,4952,city0443_region1,40.8,,,
443,3410,4952,city0443_region2,47.9,,,
444,3459,3019,city0444_region0,20.6,,,
444,3459,3019,city0444_region1,64.1,,,
444,3459,3019,city0444_region2,68.7,,,
445,2576,605,city0445_region0,28.6,,,
445,2576,605,city0445_region1,45.2,,,
445,2576,605,city0445_region2,82.3,,,
446,8338,4374,city0446_region0,5.1,,,
446,8338,4374,city0446_region1,49.2,,,
446,8338,4374,city0446_region2,56.9,,,
447,3513,2444,city0447_region0,34.0,,,
447,3513,2444,city0447_region1,46.0,,,
447,3513,2444,city0447_region2,53.4,,,
448,862,1723,city0448_region0,7.6,,,
448,862,1723,city0448_region1,69.8,,,
448,862,1723,city0448_region2,112.2,,,
449,5060,2272,city0449_region0,39.6,,,
449,5060,2272,city0449_region1,49.6,,,
449,5060,2272,city0449_region2,64.2,,,
450,10333,2581,city0450_region0,25.6,,,
450,10333,2581,city0450_region1,56.4,,,
450,10333,2581,city0450_region2,68.9,,,
451,6436,1511,city0451_region0,18.0,,,
451,6436,1511,city0451_region1,36.1,,,
451,6436,1511,city0451_region2,43.0,,,
452,7771,4621,city0452_region0,11.4,,,
452,7771,4621,city0452_region1,54.9,,,
452,7771,4621,city0452_region2,59.2,,,
453,3814,4443,city0453_region0,11.0,,,
453,3814,4443,city0453_region1,61.0,,,
453,3814,4443,city0453_region2,96.1,,,
454,6594,3968,city0454_region0,20.9,,,
454,6594,3968,city0454_region1,34.7,,,
454,6594,3968,city0454_region2,35.2,,,
455,11905,2652,city0455_region0,2.2,,,
455,11905,2652,city0455_region1,65.5,,,
455,11905,2652,city0455_region2,78.0,,,
456,7568,2412,city0456_region0,11.2,,,
456,7568,2412,city0456_region1,35.2,,,
456,7568,2412,city0456_region2,57.3,,,
457,6631,3367,city0457_region0,45.3,,,
457,6631,3367,city0457_region1,45.4,,,
457,6631,3367,city0457_region2,51.3,,,
458,7539,3961,city0458_region0,5.8,,,
458,7539,3961,city0458_region1,20.2,,,
458,7539,3961,city0458_region2,34.9,,,
459,11875,2497,city0459_region0,20.9,,,
459,11875,2497,city0459_region1,25.3,,,
459,11875,2497,city0459_region2,35.2,,,
460,6918,2934,city0460_region0,42.5,,,
460,6918,2934,city0460_region1,57.3,,,
460,6918,2934,city0460_region2,67.1,,,
461,9185,3848,city0461_region0,8.0,,,
461,9185,3848,city0461_region1,26.4,,,
461,9185,3848,city0461_region2,50.8,,,
462,6738,1401,city0462_region0,21.2,,,
462,6738,1401,city0462_region1,38.1,,,
462,6738,1401,city0462_region2,44.8,,,
463,5853,4610,city0463_region0,5.1,,,
463,5853,4610,city0463_region1,15.3,,,
463,5853,4610,city0463_region2,37.6,,,
464,6609,4388,city0464_region0,14.3,,,
464,6609,4388,city0464_region1,30.0,,,
464,6609,4388,city0464_region2,31.1,,,
465,8603,4083,city0465_region0,22.5,,,
465,8603,4083,city0465_region1,26.0,,,
465,8603,4083,city0465_region2,46.1,,,
466,9681,3437,city0466_region0,24.8,,,
466,9681,3437,city0466_region1,28.3,,,
466,9681,3437,city0466_region2,43.9,,,
467,4838,1952,city0467_region0,24.4,,,
467,4838,1952,city0467_region1,25.0,,,
467,4838,1952,city0467_region2,65.8,,,
468,8320,4699,city0468_region0,13.0,,,
468,8320,4699,city0468_region1,22.5,,,
468,8320,4699,city0468_region2,63.2,,,
469,8074,4740,city0469_region0,21.8,,,
469,8074,4740,city0469_region1,32.8,,,
469,8074,4740,city0469_region2,37.3,,,
470,11376,4574,city0470_region0,20.6,,,
470,11376,4574,city0470_region1,60.7,,,
470,11376,4574,city0470_region2,83.0,,,
471,7414,4389,city0471_region0,3.0,,,
471,7414,4389,city0471_region1,27.0,,,
471,7414,4389,city0471_region2,27.3,,,
472,3241,3365,city0472_region0,9.2,,,
472,3241,3365,city0472_region1,34.8,,,
472,3241,3365,city0472_region2,53.2,,,
473,8276,2275,city0473_region0,14.8,,,
473,8276,2275,city0473_region1,81.9,,,
473,8276,2275,city0473_region2,89.9,,,
474,6218,3369,city0474_region0,11.7,,,
474,6218,3369,city0474_region1,42.5,,,
474,6218,3369,city0474_region2,56.4,,,
475,10130,4014,city0475_region0,12.6,,,
475,10130,4014,city0475_region1,62.3,,,
475,10130,4014,city0475_region2,70.2,,,
476,3849,437,city0476_region0,1.0,,,
476,3849,437,city0476_region1,21.9,,,
476,3849,437,city0476_region2,52.3,,,
477,12664,3299,city0477_region0,16.5,,,
477,12664,3299,city0477_region1,16.6,,,
477,12664,3299,city0477_region2,38.2,,,
478,9128,3266,city0478_region0,21.4,,,
478,9128,3266,city0478_region1,56.4,,,
478,9128,3266,city0478_region2,67.3,,,
479,8085,4181,city0479_region0,9.2,,,
479,8085,4181,city0479_region1,80.2,,,
479,8085,4181,city0479_region2,83.8,,,
480,3352,2906,city0480_region0,18.4,,,
480,3352,2906,city0480_region1,42.4,,,
480,3352,2906,city0480_region2,47.4,,,
481,6476,5691,city0481_region0,18.4,,,
481,6476,5691,city0481_region1,59.7,,,
481,6476,5691,city0481_region2,64.0,,,
482,3033,3327,city0482_region0,38.4,,,
482,3033,3327,city0482_region1,41.3,,,
482,3033,3327,city0482_region2,62.4,,,
483,2020,2887,city0483_region0,22.8,,,
483,2020,2887,city0483_region1,26.9,,,
483,2020,2887,city0483_region2,38.3,,,
484,2775,453,city0484_region0,11.4,,,
484,2775,453,city0484_region1,39.4,,,
484,2775,453,city0484_region2,52.8,,,
485,9172,2368,city0485_region0,27.5,,,
485,9172,2368,city0485_region1,40.8,,,
485,9172,2368,city0485_region2,61.0,,,
486,10482,731,city0486_region0,15.5,,,
486,10482,731,city0486_region1,42.2,,,
486,10482,731,city0486_region2,55.0,,,
487,5644,3383,city0487_region0,7.6,,,
487,5644,3383,city0487_region1,47.7,,,
487,5644,3383,city0487_region2,51.0,,,
488,11716,4923,city0488_region0,18.1,,,
488,11716,4923,city0488_region1,38.3,,,
488,11716,4923,city0488_region2,43.4,,,
489,3534,971,city0489_region0,18.4,,,
489,3534,971,city0489_region1,51.4,,,
489,3534,971,city0489_region2,53.6,,,
490,8548,3505,city0490_region0,32.5,,,
490,8548,3505,city0490_region1,36.8,,,
490,8548,3505,city0490_region2,36.8,,,
491,3780,2426,city0491_region0,11.4,,,
491,3780,2426,city0491_region1,51.6,,,
491,3780,2426,city0491_region2,60.9,,,
492,3087,3271,city0492_region0,12.2,,,
492,3087,3271,city0492_region1,51.1,,,
492,3087,3271,city0492_region2,63.0,,,
493,10033,4594,city0493_region0,12.0,,,
493,10033,4594,city0493_region1,29.4,,,
493,10033,4594,city0493_region2,83.7,,,
494,6861,537,city0494_region0,9.8,,,
494,6861,537,city0494_region1,30.4,,,
494,6861,537,city0494_region2,46.3,,,
495,7961,3713,city0495_region0,40.8,,,
495,7961,3713,city0495_region1,48.8,,,
495,7961,3713,city0495_region2,60.4,,,
496,3999,1935,city0496_region0,5.8,,,
496,3999,1935,city0496_region1,61.2,,,
496,3999,1935,city0496_region2,83.0,,,
497,8178,2345,city0497_region0,9.2,,,
497,8178,2345,city0497_region1,116.1,,,
497,8178,2345,city0497_region2,129.1,,,
498,9781,4028,city0498_region0,28.3,,,
498,9781,4028,city0498_region1,68.2,,,
498,9781,4028,city0498_region2,83.0,,,
499,3796,2774,city0499_region0,32.2,,,
499,3796,2774,city0499_region1,35.2,,,
499,3796,2774,city0499_region2,49.2,,,
500,3700,2161,city0500_region0,31.1,,,
500,3700,2161,city0500_region1,37.7,,,
500,3700,2161,city0500_region2,45.2,,,
501,7537,5700,city0501_region0,19.1,,,
501,7537,5700,city0501_region1,51.7,,,
501,7537,5700,city0501_region2,75.1,,,
502,7326,2318,city0502_region0,30.0,,,
502,7326,2318,city0502_region1,32.8,,,
502,7326,2318,city0502_region2,56.4,,,
503,8844,4981,city0503_region0,12.0,,,
503,8844,4981,city0503_region1,33.7,,,
503,8844,4981,city0503_region2,52.2,,,
504,10408,3651,city0504_region0,10.8,,,
504,10408,3651,city0504_region1,47.5,,,
504,10408,3651,city0504_region2,48.4,,,
505,3944,2543,city0505_region0,44.3,,,
505,3944,2543,city0505_region1,59.5,,,
505,3944,2543,city0505_region2,61.3,,,
506,7237,4872,city0506_region0,17.3,,,
506,7237,4872,city0506_region1,65.8,,,
506,7237,4872,city0506_region2,65.8,,,
507,3766,2680,city0507_region0,12.5,,,
507,3766,2680,city0507_region1,40.0,,,
507,3766,2680,city0507_region2,42.8,,,
508,10598,4465,city0508_region0,6.0,,,
508,10598,4465,city0508_region1,49.2,,,
508,10598,4465,city0508_region2,61.1,,,
509,5262,1375,city0509_region0,35.9,,,
509,5262,1375,city0509_region1,36.9,,,
509,5262,1375,city0509_region2,55.9,,,
510,10331,4006,city0510_region0,20.2,,,
510,10331,4006,city0510_region1,37.1,,,
510,10331,4006,city0510_region2,70.4,,,
511,7640,2450,city0511_region0,29.2,,,
511,7640,2450,city0511_region1,58.2,,,
511,7640,2450,city0511_region2,72.2,,,
512,11105,4854,city0512_region0,13.4,,,
512,11105,4854,city0512_region1,22.8,,,
512,11105,4854,city0512_region2,29.2,,,
513,6285,4253,city0513_region0,12.0,,,
513,6285,4253,city0513_region1,31.8,,,
513,6285,4253,city0513_region2,44.3,,,
514,11313,3099,city0514_region0,7.3,,,
514,11313,3099,city0514_region1,39.6,,,
514,11313,3099,city0514_region2,43.5,,,
515,5089,2662,city0515_region0,12.2,,,
515,5089,2662,city0515_region1,53.2,,,
515,5089,2662,city0515_region2,64.5,,,
516,7179,3614,city0516_region0,2.0,,,
516,7179,3614,city0516_region1,47.5,,,
516,7179,3614,city0516_region2,92.1,,,
517,10687,4551,city0517_region0,27.9,,,
517,10687,4551,city0517_region1,54.2,,,
517,10687,4551,city0517_region2,60.8,,,
518,7408,2343,city0518_region0,12.7,,,
518,7408,2343,city0518_region1,63.1,,,
518,7408,2343,city0518_region2,63.6,,,
519,10171,3491,city0519_region0,34.5,,,
519,10171,3491,city0519_region1,46.2,,,
519,10171,3491,city0519_region2,50.6,,,
520,11313,2635,city0520_region0,22.0,,,
520,11313,2635,city0520_region1,51.6,,,
520,11313,2635,city0520_region2,63.6,,,
521,6857,3849,city0521_region0,8.5,,,
521,6857,3849,city0521_region1,32.4,,,
521,6857,3849,city0521_region2,49.5,,,
522,3334,2010,city0522_region0,25.6,,,
522,3334,2010,city0522_region1,39.3,,,
522,3334,2010,city0522_region2,45.2,,,
523,10793,3877,city0523_region0,33.3,,,
523,10793,3877,city0523_region1,58.7,,,
523,10793,3877,city0523_region2,66.0,,,
524,6116,1232,city0524_region0,17.0,,,
524,6116,1232,city0524_region1,31.3,,,
524,6116,1232,city0524_region2,34.2,,,
525,6269,3963,city0525_region0,27.3,,,
525,6269,3963,city0525_region1,31.2,,,
525,6269,3963,city0525_region2,36.0,,,
526,6842,3385,city0526_region0,6.1,,,
526,6842,3385,city0526_region1,41.2,,,
526,6842,3385,city0526_region2,46.1,,,
527,2174,459,city0527_region0,26.4,,,
527,2174,459,city0527_region1,63.3,,,
527,2174,459,city0527_region2,63.6,,,
528,6397,5683,city0528_region0,20.1,,,
528,6397,5683,city0528_region1,40.0,,,
528,6397,5683,city0528_region2,49.4,,,
529,7655,3496,city0529_region0,3.0,,,
529,7655,3496,city0529_region1,51.0,,,
529,7655,3496,city0529_region2,55.5,,,
530,9277,4674,city0530_region0,8.1,,,
530,9277,4674,city0530_region1,32.6,,,
530,9277,4674,city0530_region2,63.4,,,
531,10198,3978,city0531_region0,34.1,,,
531,10198,3978,city0531_region1,35.2,,,
531,10198,3978,city0531_region2,70.5,,,
532,5786,3943,city0532_region0,22.0,,,
532,5786,3943,city0532_region1,63.3,,,
532,5786,3943,city0532_region2,80.8,,,
533,8587,1912,city0533_region0,12.0,,,
533,8587,1912,city0533_region1,51.6,,,
533,8587,1912,city0533_region2,107.0,,,
534,4241,2777,city0534_region0,19.1,,,
534,4241,2777,city0534_region1,25.0,,,
534,4241,2777,city0534_region2,51.5,,,
535,4961,3178,city0535_region0,23.1,,,
535,4961,3178,city0535_region1,34.1,,,
535,4961,3178,city0535_region2,39.1,,,
536,6757,1766,city0536_region0,12.7,,,
536,6757,1766,city0536_region1,32.6,,,
536,6757,1766,city0536_region2,79.7,,,
537,10382,4072,city0537_region0,15.3,,,
537,10382,4072,city0537_region1,56.8,,,
537,10382,4072,city0537_region2,58.6,,,
538,5548,1788,city0538_region0,16.1,,,
538,5548,1788,city0538_region1,51.4,,,
538,5548,1788,city0538_region2,62.8,,,
539,6458,2653,city0539_region0,8.0,,,
539,6458,2653,city0539_region1,10.8,,,
539,6458,2653,city0539_region2,94.1,,,
540,10171,1157,city0540_region0,25.7,,,
540,10171,1157,city0540_region1,62.1,,,
540,10171,1157,city0540_region2,127.6,,,
541,6357,3234,city0541_region0,41.2,,,
541,6357,3234,city0541_region1,50.6,,,
541,6357,3234,city0541_region2,53.2,,,
542,12352,2348,city0542_region0,26.2,,,
542,12352,2348,city0542_region1,36.7,,,
542,12352,2348,city0542_region2,65.4,,,
543,1156,2094,city0543_region0,13.9,,,
543,1156,2094,city0543_region1,64.2,,,
543,1156,2094,city0543_region2,100.1,,,
544,7241,4103,city0544_region0,24.2,,,
544,7241,4103,city0544_region1,24.2,,,
544,7241,4103,city0544_region2,33.2,,,
545,6714,3311,city0545_region0,15.5,,,
545,6714,3311,city0545_region1,48.8,,,
545,6714,3311,city0545_region2,54.2,,,
546,2627,3090,city0546_region0,9.8,,,
546,2627,3090,city0546_region1,20.1,,,
546,2627,3090,city0546_region2,71.0,,,
547,12504,2756,city0547_region0,20.6,,,
547,12504,2756,city0547_region1,43.2,,,
547,12504,2756,city0547_region2,47.9,,,
548,9138,3586,city0548_region0,42.0,,,
548,9138,3586,city0548_region1,49.2,,,
548,9138,3586,city0548_region2,68.5,,,
549,6906,1017,city0549_region0,22.8,,,
549,6906,1017,city0549_region1,29.6,,,
549,6906,1017,city0549_region2,35.8,,,
550,8027,4629,city0550_region0,30.4,,,
550,8027,4629,city0550_region1,47.9,,,
550,8027,4629,city0550_region2,69.6,,,
551,9509,3648,city0551_region0,25.0,,,
551,9509,3648,city0551_region1,48.3,,,
551,9509,3648,city0551_region2,53.4,,,
552,2486,3022,city0552_region0,40.9,,,
552,2486,3022,city0552_region1,73.1,,,
552,2486,3022,city0552_region2,87.6,,,
553,11628,3039,city0553_region0,36.1,,,
553,11628,3039,city0553_region1,37.1,,,
553,11628,3039,city0553_region2,49.1,,,
554,5002,3432,city0554_region0,4.1,,,
554,5002,3432,city0554_region1,25.5,,,
554,5002,3432,city0554_region2,42.0,,,
555,12538,2689,city0555_region0,24.1,,,
555,12538,2689,city0555_region1,47.4,,,
555,12538,2689,city0555_region2,47.4,,,
556,10784,5253,city0556_region0,10.0,,,
556,10784,5253,city0556_region1,21.2,,,
556,10784,5253,city0556_region2,86.3,,,
557,5159,2348,city0557_region0,11.4,,,
557,5159,2348,city0557_region1,34.7,,,
557,5159,2348,city0557_region2,45.6,,,
558,7958,2281,city0558_region0,20.1,,,
558,7958,2281,city0558_region1,91.4,,,
558,7958,2281,city0558_region2,106.2,,,
559,10583,901,city0559_region0,7.1,,,
559,10583,901,city0559_region1,67.7,,,
559,10583,901,city0559_region2,114.7,,,
560,6071,3344,city0560_region0,7.1,,,
560,6071,3344,city0560_region1,22.4,,,
560,6071,3344,city0560_region2,39.4,,,
561,1333,2465,city0561_region0,12.8,,,
561,1333,2465,city0561_region1,53.9,,,
561,1333,2465,city0561_region2,82.3,,,
562,12206,2677,city0562_region0,25.8,,,
562,12206,2677,city0562_region1,48.8,,,
562,12206,2677,city0562_region2,65.9,,,
563,5378,3034,city0563_region0,35.8,,,
563,5378,3034,city0563_region1,43.0,,,
563,5378,3034,city0563_region2,48.8,,,
564,10800,4159,city0564_region0,37.7,,,
564,10800,4159,city0564_region1,50.8,,,
564,10800,4159,city0564_region2,50.9,,,
565,4383,2502,city0565_region0,0.0,,,
565,4383,2502,city0565_region1,26.5,,,
565,4383,2502,city0565_region2,70.7,,,
566,2189,1898,city0566_region0,40.4,,,
566,2189,1898,city0566_region1,41.4,,,
566,2189,1898,city0566_region2,43.3,,,
567,9148,3684,city0567_region0,25.5,,,
567,9148,3684,city0567_region1,37.2,,,
567,9148,3684,city0567_region2,37.3,,,
568,7126,2548,city0568_region0,43.3,,,
568,7126,2548,city0568_region1,73.8,,,
568,7126,2548,city0568_region2,74.0,,,
569,7602,2181,city0569_region0,41.0,,,
569,7602,2181,city0569_region1,48.4,,,
569,7602,2181,city0569_region2,54.8,,,
570,3827,2586,city0570_region0,44.1,,,
570,3827,2586,city0570_region1,67.5,,,
570,3827,2586,city0570_region2,69.9,,,
571,8265,3138,city0571_region0,19.0,,,
571,8265,3138,city0571_region1,27.6,,,
571,8265,3138,city0571_region2,52.2,,,
572,3418,2477,city0572_region0,22.8,,,
572,3418,2477,city0572_region1,52.8,,,
572,3418,2477,city0572_region2,60.4,,,
573,5808,2908,city0573_region0,6.4,,,
573,5808,2908,city0573_region1,60.5,,,
573,5808,2908,city0573_region2,63.1,,,
574,6466,3359,city0574_region0,8.9,,,
574,6466,3359,city0574_region1,15.0,,,
574,6466,3359,city0574_region2,30.1,,,
575,6183,466,city0575_region0,31.8,,,
575,6183,466,city0575_region1,44.4,,,
575,6183,466,city0575_region2,61.6,,,
576,11194,4834,city0576_region0,21.8,,,
576,11194,4834,city0576_region1,32.0,,,
576,11194,4834,city0576_region2,45.3,,,
577,11092,4665,city0577_region0,37.2,,,
577,11092,4665,city0577_region1,64.9,,,
577,11092,4665,city0577_region2,77.9,,,
578,9661,3868,city0578_region0,28.0,,,
578,9661,3868,city0578_region1,33.5,,,
578,9661,3868,city0578_region2,34.1,,,
579,4516,421,city0579_region0,44.1,,,
579,4516,421,city0579_region1,60.1,,,
579,4516,421,city0579_region2,60.1,,,
580,6755,2482,city0580_region0,37.4,,,
580,6755,2482,city0580_region1,42.2,,,
580,6755,2482,city0580_region2,58.2,,,
581,6293,3401,city0581_region0,10.6,,,
581,6293,3401,city0581_region1,25.7,,,
581,6293,3401,city0581_region2,61.0,,,
582,10340,4476,city0582_region0,8.2,,,
582,10340,4476,city0582_region1,71.5,,,
582,10340,4476,city0582_region2,87.8,,,
583,12702,2483,city0583_region0,10.0,,,
583,12702,2483,city0583_region1,48.8,,,
583,12702,2483,city0583_region2,59.8,,,
584,1300,3264,city0584_region0,33.4,,,
584,1300,3264,city0584_region1,40.1,,,
584,1300,3264,city0584_region2,40.4,,,
